image_id,subject_id,image_date,PTEDUCAT,PTGENDER,age,CDRSB,MMSCORE,MOCA,SUMMARY_SUVR,PHC_VSP,PHC_LAN,PHC_MEM,PHC_EXF,TAU,PTAU,ABETA42,GENOTYPE,apoe4,cluster
340449,127_S_1427,2012-08-17,12.0,2.0,74.62559890485969,4.5,18.0,,1.164,-1.003,-0.796,-1.035,-1.797,,,,3/3,0.0,0
901101,127_S_1427,2017-08-30,12.0,2.0,79.66050650239562,5.0,17.0,10.0,1.3,-2.028,-1.434,-0.836,-1.803,,,,3/3,0.0,0
254414,099_S_0051,2011-08-30,18.0,1.0,72.33127994524298,4.5,23.0,,1.416,0.375,0.121,-0.811,0.267,282.1,27.77,356.9,4/4,1.0,3
92952,007_S_0101,2008-02-22,18.0,1.0,75.81108829568788,3.5,28.0,,1.437,0.907,0.617,-0.092,0.716,151.3,14.19,411.8,4/4,1.0,1
133439,007_S_0101,2009-01-08,18.0,1.0,76.68993839835728,3.5,25.0,,1.437,0.907,0.321,-0.38,0.197,151.3,14.19,411.8,4/4,1.0,1
291086,007_S_0101,2012-03-15,18.0,1.0,79.87132101300479,5.0,25.0,,1.437,0.907,0.019,-0.592,0.212,151.3,14.19,411.8,4/4,1.0,0
894648,127_S_0112,2017-08-21,18.0,1.0,82.30800821355236,11.0,19.0,20.0,1.479,0.907,0.235,-1.09,0.39,237.8,23.21,404.9,2/4,1.0,3
228556,098_S_0160,2011-03-11,16.0,1.0,80.44079397672827,5.5,21.0,,1.425,0.001,-0.784,-1.189,-0.406,,,,3/4,1.0,2
241937,114_S_0166,2011-05-09,18.0,2.0,77.76865160848733,3.0,24.0,,1.78,-0.461,0.29,-0.783,0.422,249.5,24.16,551.9,3/4,1.0,0
373727,114_S_0166,2013-05-09,18.0,2.0,79.77002053388091,6.0,18.0,,1.78,-0.198,-0.197,-1.275,-0.418,317.8,28.25,585.4,3/4,1.0,0
104787,032_S_0214,2008-04-29,18.0,1.0,67.32375085557837,2.0,20.0,,1.988,-0.198,-0.009,-0.484,0.274,436.9,48.81,731.9,4/4,1.0,0
137693,032_S_0214,2009-02-26,18.0,1.0,68.1533196440794,2.5,23.0,,1.988,-0.531,0.123,-0.594,-0.114,495.6,53.89,543.5,4/4,1.0,0
240022,032_S_0214,2011-04-21,18.0,1.0,70.29979466119096,3.5,22.0,,1.988,-0.531,0.24,-0.849,0.279,576.7,61.67,797.7,4/4,1.0,2
385719,032_S_0214,2013-06-11,18.0,1.0,72.44079397672827,5.0,17.0,,2.179,-0.929,-0.288,-1.29,-1.493,601.7,64.35,633.3,4/4,1.0,2
242653,098_S_0269,2011-06-23,16.0,1.0,72.47364818617385,12.0,12.0,,1.327,-1.286,-0.87,-2.254,-1.236,290.2,24.6,579.7,3/4,1.0,2
281596,128_S_0230,2012-01-20,20.0,1.0,85.96577686516085,7.0,22.0,,1.117,-0.72,1.079,-0.499,-0.24,,,,3/3,0.0,0
150678,128_S_0230,2009-07-13,20.0,1.0,83.44421629021218,5.5,26.0,,1.117,0.148,1.441,0.174,0.404,,,,3/3,0.0,3
102159,130_S_0289,2008-04-09,16.0,1.0,69.85626283367556,1.5,25.0,,1.344,-1.059,0.509,0.143,-0.991,,,,3/3,0.0,2
143100,130_S_0289,2009-04-23,16.0,1.0,70.89390828199863,2.5,25.0,,1.344,-0.198,-0.138,-0.145,-0.673,,,,3/3,0.0,2
233352,130_S_0289,2011-04-22,16.0,1.0,72.88980150581793,5.0,22.0,,1.344,-1.392,-0.285,-0.634,-1.75,,,,3/3,0.0,2
927216,127_S_0259,2017-10-30,20.0,1.0,82.24777549623545,10.0,15.0,8.0,1.848,-2.681,-1.186,-1.054,-1.875,424.7,44.38,619.7,3/3,0.0,2
153271,128_S_0227,2009-08-11,12.0,2.0,83.1129363449692,4.5,21.0,,1.442,0.375,0.421,-0.873,0.416,313.1,28.45,323.0,4/4,1.0,0
220242,128_S_0227,2011-01-31,12.0,2.0,84.58590006844626,9.0,20.0,,1.442,0.148,-0.489,-1.266,-0.692,313.1,28.45,323.0,4/4,1.0,1
312277,128_S_0227,2012-05-31,12.0,2.0,85.91649555099247,10.0,18.0,,1.452,-0.198,-1.315,-1.674,-0.701,275.7,24.01,314.0,4/4,1.0,0
429829,128_S_0227,2014-05-28,12.0,2.0,87.9069130732375,17.0,7.0,,1.534,-2.028,-2.326,-2.307,-1.917,275.7,24.01,314.0,4/4,1.0,1
239548,023_S_0331,2011-05-05,14.0,2.0,69.75770020533881,5.0,22.0,,1.267,0.148,-0.177,-1.163,0.231,396.7,38.58,445.6,4/4,1.0,0
367858,023_S_0331,2013-04-11,14.0,2.0,71.69336071184121,8.0,17.0,,1.191,-1.802,-1.297,-1.611,-1.574,353.2,33.94,544.3,4/4,1.0,0
385889,130_S_0285,2013-08-05,10.0,1.0,73.09514031485284,5.0,27.0,,1.598,0.907,0.596,-0.721,0.251,752.2,47.26,576.9,3/4,1.0,0
280729,114_S_0378,2011-12-06,16.0,2.0,74.76522929500342,5.0,23.0,,1.334,-1.544,-0.198,-1.018,-1.558,693.7,70.65,502.0,3/4,1.0,3
403653,114_S_0378,2013-11-21,16.0,2.0,76.72553045859,13.0,9.0,,1.351,-2.681,-1.855,-1.995,-2.633,693.7,70.65,502.0,3/4,1.0,3
238689,116_S_0361,2011-05-20,17.0,1.0,79.6331279945243,6.0,25.0,,1.548,-0.363,0.345,-0.577,-1.279,335.5,38.22,585.5,3/4,1.0,2
374638,116_S_0361,2013-04-26,17.0,1.0,81.56878850102669,7.0,15.0,,1.548,0.907,-0.65,-1.321,-0.789,335.5,38.22,585.5,3/4,1.0,0
242039,037_S_0552,2011-06-17,19.0,2.0,65.29500342231348,16.0,7.0,,1.39,-1.647,-1.589,-2.8,-1.98,275.0,27.22,548.7,3/4,1.0,0
966234,035_S_0555,2018-02-07,16.0,1.0,88.35318275154005,3.0,28.0,24.0,1.656,-1.392,-0.218,-0.219,-0.395,217.8,21.31,530.9,3/4,1.0,2
211343,005_S_0572,2011-01-13,14.0,1.0,83.45242984257358,5.0,23.0,,1.818,-0.363,0.673,-0.672,-0.254,,,,4/4,1.0,0
340982,005_S_0572,2012-10-08,14.0,1.0,85.18822724161534,9.0,25.0,,1.794,0.148,0.422,-0.518,-0.618,,,,4/4,1.0,3
389668,052_S_0671,2013-08-02,12.0,2.0,68.1697467488022,5.0,19.0,,1.405,-2.681,0.089,-1.405,-1.64,366.6,34.33,459.1,3/4,1.0,0
194441,098_S_0667,2010-09-22,20.0,1.0,73.30869267624914,10.0,9.0,,1.406,-1.647,-1.868,-2.151,-1.832,,,,3/4,1.0,2
189823,002_S_0729,2010-07-29,16.0,2.0,69.24298425735797,3.5,24.0,,1.446,0.148,0.325,-0.657,0.333,338.8,32.7,601.7,3/4,1.0,0
324214,002_S_0729,2012-08-14,16.0,2.0,71.28815879534565,5.0,22.0,,1.554,0.148,-0.005,-0.773,-0.15,332.3,31.94,827.9,3/4,1.0,0
115982,006_S_1130,2008-07-29,18.0,2.0,72.8268309377139,2.5,26.0,,1.493,0.148,-0.185,-0.477,0.014,540.4,58.75,663.4,3/4,1.0,3
136964,006_S_1130,2009-02-23,18.0,2.0,73.3990417522245,2.5,25.0,,1.493,0.148,-0.015,-0.244,-0.103,613.4,61.45,605.0,3/4,1.0,3
166268,006_S_1130,2010-02-09,18.0,2.0,74.36002737850787,4.5,27.0,,1.493,0.907,-0.469,-0.358,0.325,634.5,62.04,597.1,3/4,1.0,3
221926,006_S_1130,2011-03-01,18.0,2.0,75.41409993155374,4.5,22.0,,1.493,0.148,-0.351,-0.785,0.36,793.3,76.03,802.2,3/4,1.0,3
363559,006_S_1130,2013-03-07,18.0,2.0,77.4318959616701,7.0,22.0,,1.685,0.907,-0.294,-0.889,-0.346,870.3,82.52,733.1,3/4,1.0,3
203630,014_S_0658,2010-11-04,18.0,1.0,76.5119780971937,3.5,30.0,,1.75,0.907,0.374,-0.212,0.446,399.8,41.45,563.5,3/3,0.0,2
193166,016_S_0702,2010-09-07,16.0,1.0,89.1854893908282,6.5,26.0,,1.605,0.907,-0.054,-0.588,0.161,,,,3/4,1.0,2
375753,016_S_0702,2013-06-06,16.0,1.0,91.9315537303217,10.0,18.0,,1.882,-0.531,-0.759,-1.427,-1.553,,,,3/4,1.0,2
337081,129_S_0778,2012-09-13,13.0,1.0,78.61464750171116,4.5,25.0,,1.337,0.907,0.848,-0.258,-0.282,241.9,21.09,626.2,3/4,1.0,3
274754,027_S_0835,2011-11-15,14.0,1.0,78.03696098562628,4.5,24.0,,1.458,-0.198,0.448,-0.945,0.31,319.1,30.82,757.3,3/4,1.0,0
196763,031_S_0830,2010-09-30,16.0,1.0,74.91307323750856,5.0,24.0,,1.253,-0.461,-0.128,-0.373,-0.34,,,,3/4,1.0,3
203260,023_S_0887,2010-11-05,8.0,2.0,77.8425735797399,8.0,10.0,,1.429,-1.637,-1.978,-1.651,-1.795,,,,3/4,1.0,0
343044,023_S_0887,2012-10-25,8.0,2.0,79.81382614647502,17.0,4.0,,1.24,-2.681,-2.909,-3.368,-2.458,,,,3/4,1.0,0
102780,033_S_0906,2008-04-09,12.0,2.0,66.85557837097878,4.0,23.0,,1.31,0.148,0.809,-0.787,0.441,356.5,34.78,760.6,3/4,1.0,1
122010,033_S_0906,2008-10-08,12.0,2.0,67.35386721423683,4.5,24.0,,1.31,0.907,0.568,-0.762,-0.038,352.6,33.49,705.3,3/4,1.0,1
158494,033_S_0906,2009-10-02,12.0,2.0,68.33675564681725,8.0,24.0,,1.31,0.148,0.568,-0.799,-0.215,410.4,39.55,840.4,3/4,1.0,1
199397,033_S_0906,2010-10-13,12.0,2.0,69.36618754277892,10.0,23.0,,1.31,0.148,0.005,-0.982,-1.171,385.6,35.54,674.0,3/4,1.0,3
341352,033_S_0906,2012-10-17,12.0,2.0,71.37850787132102,12.0,13.0,,1.302,-2.409,-0.91,-1.457,-1.659,363.8,31.08,674.3,3/4,1.0,3
207888,136_S_0873,2010-11-02,14.0,2.0,82.16837782340862,7.0,21.0,,1.246,-0.363,-0.532,-1.174,-0.999,,,,3/4,1.0,3
341538,024_S_0985,2012-10-19,14.0,1.0,87.71252566735113,3.0,25.0,,1.286,0.136,0.122,-0.749,0.045,,,,2/4,1.0,2
208948,137_S_0994,2010-12-10,18.0,2.0,59.27446954140999,5.0,25.0,,1.767,-0.461,0.426,-0.824,0.295,431.3,51.42,699.3,3/4,1.0,0
347864,137_S_0994,2012-11-16,18.0,2.0,61.210130047912386,8.0,19.0,,1.792,-0.461,0.101,-1.351,-0.946,431.3,51.42,699.3,3/4,1.0,0
208245,009_S_1030,2010-12-08,20.0,1.0,71.60574948665298,3.0,23.0,,1.344,-1.637,0.086,-0.087,-1.211,406.3,40.35,985.8,3/3,0.0,0
347782,009_S_1030,2012-11-06,20.0,1.0,73.51950718685832,6.0,20.0,,1.318,-2.028,-1.148,-0.943,-1.745,406.3,40.35,985.8,3/3,0.0,2
162849,128_S_1043,2009-12-15,16.0,1.0,71.70704996577686,2.5,25.0,,1.378,0.907,0.256,-0.772,0.194,267.0,26.74,878.3,3/3,0.0,0
276613,128_S_1043,2011-11-16,16.0,1.0,73.62628336755647,4.0,23.0,,1.378,0.907,-0.018,-0.956,0.029,267.0,26.74,878.3,3/3,0.0,0
946877,033_S_1098,2017-12-07,15.0,2.0,83.09924709103353,6.0,25.0,16.0,1.956,0.148,-0.015,-0.907,-0.654,472.2,53.0,545.5,3/4,1.0,3
206377,033_S_1116,2010-11-12,18.0,1.0,87.36755646817248,4.0,24.0,,1.303,0.907,0.413,-0.954,0.048,223.1,20.61,257.9,4/4,1.0,2
402917,114_S_1106,2013-12-03,18.0,2.0,81.08692676249144,5.0,24.0,,1.573,0.148,0.068,-0.881,0.111,282.8,22.79,714.7,3/3,0.0,3
118501,035_S_0997,2008-07-17,20.0,2.0,82.12731006160165,4.5,23.0,,1.295,0.907,0.305,-1.042,-0.196,448.4,43.48,1020.0,3/3,0.0,3
145719,035_S_0997,2009-01-14,20.0,2.0,82.62286105407256,5.5,22.0,,1.295,0.907,-0.162,-0.882,0.058,448.4,43.48,1020.0,3/3,0.0,3
161053,035_S_0997,2009-12-10,20.0,2.0,83.52635181382615,4.5,23.0,,1.295,0.907,-0.298,-1.174,-0.179,448.4,43.48,1020.0,3/3,0.0,3
213637,035_S_0997,2011-01-05,20.0,2.0,84.5968514715948,8.0,20.0,,1.295,0.148,-0.926,-1.337,-0.729,448.4,43.48,1020.0,3/3,0.0,3
282701,141_S_1004,2012-02-01,12.0,2.0,79.24982888432581,10.0,15.0,,1.674,-0.363,-0.76,-1.322,-1.005,,,,3/4,1.0,0
403575,141_S_1004,2013-11-22,12.0,2.0,81.056810403833,13.0,17.0,,1.444,-1.059,-0.931,-1.334,-1.51,,,,3/4,1.0,0
187084,016_S_1117,2010-07-12,18.0,2.0,72.61054072553046,3.5,19.0,,1.474,-0.461,-0.588,-1.045,-1.524,516.0,52.7,329.2,3/3,0.0,0
317840,016_S_1117,2012-07-02,18.0,2.0,74.5845311430527,7.0,18.0,,1.418,-1.637,-1.097,-1.406,-1.722,516.0,52.7,329.2,3/3,0.0,3
139444,003_S_1057,2009-03-06,18.0,2.0,63.59479808350445,4.0,23.0,,1.613,-0.198,-0.289,-0.51,0.151,,,,4/4,1.0,3
168793,003_S_1057,2010-01-28,18.0,2.0,64.49281314168378,5.0,24.0,,1.613,0.907,0.386,-0.859,0.189,,,,4/4,1.0,3
225617,003_S_1057,2011-03-04,18.0,2.0,65.58795345653662,6.0,22.0,,1.613,0.148,-0.547,-1.183,-0.451,,,,4/4,1.0,3
403771,003_S_1057,2013-11-26,18.0,2.0,68.32032854209446,16.0,2.0,,1.613,-2.409,-2.775,-2.958,-2.358,,,,4/4,1.0,0
922519,003_S_1074,2017-10-10,15.0,2.0,96.02464065708419,4.5,24.0,19.0,1.419,0.148,0.246,-0.991,0.081,,,,3/3,0.0,2
129676,041_S_1010,2008-12-08,20.0,1.0,76.43805612594113,4.0,21.0,,1.283,0.907,-0.074,-0.801,-0.767,274.4,23.47,524.1,3/4,1.0,2
161142,041_S_1010,2009-12-04,20.0,1.0,77.42642026009582,10.0,11.0,,1.283,-0.363,-0.509,-2.162,-1.667,274.4,23.47,524.1,3/4,1.0,2
224848,041_S_1010,2011-03-18,20.0,1.0,78.71047227926078,6.0,13.0,,1.283,-1.802,-0.502,-1.459,-1.288,272.8,22.75,493.3,3/4,1.0,2
931439,023_S_1190,2017-10-27,13.0,2.0,87.40588637919234,3.5,25.0,23.0,1.196,0.907,0.389,-0.494,0.2,395.5,38.64,1045.0,3/3,0.0,2
227249,141_S_1255,2011-04-06,16.0,2.0,80.67898699520876,5.0,25.0,,1.449,0.148,-0.161,-0.638,0.422,,,,3/3,0.0,0
364744,002_S_1268,2013-03-26,20.0,1.0,88.90075290896647,2.0,25.0,,1.613,-0.86,0.172,-0.414,-0.131,160.5,14.55,443.7,3/4,1.0,0
177683,016_S_1326,2010-06-07,18.0,1.0,69.59616700889802,4.5,21.0,,1.408,0.148,0.25,-1.172,-1.217,,,,3/4,1.0,2
313484,016_S_1326,2012-06-26,18.0,1.0,71.6495550992471,6.0,17.0,,1.296,0.148,-0.329,-1.459,-1.37,,,,3/4,1.0,2
229807,052_S_1346,2011-04-12,12.0,1.0,76.69541409993155,6.0,24.0,,1.377,0.136,0.233,-0.354,0.883,,,,3/4,1.0,2
368826,052_S_1346,2013-04-19,12.0,1.0,78.71594798083504,6.0,25.0,,1.369,-0.849,0.026,-0.57,0.731,,,,3/4,1.0,0
345758,098_S_2047,2012-09-11,18.0,1.0,79.53182751540041,5.5,28.0,,1.749,0.907,0.518,-0.404,0.458,424.3,43.48,723.9,3/4,1.0,0
956319,018_S_2133,2018-01-09,18.0,2.0,69.7741273100616,5.0,24.0,18.0,1.798,0.907,0.741,-1.035,0.678,332.8,31.22,470.4,4/4,1.0,3
365496,094_S_2216,2013-03-11,14.0,1.0,70.27515400410678,4.0,25.0,,1.394,-1.059,-0.828,-0.334,-0.609,325.5,32.65,531.3,3/4,1.0,2
242616,037_S_4001,2011-03-07,9.0,2.0,88.5968514715948,5.5,20.0,,1.524,-0.461,-0.042,-0.976,-1.487,321.8,26.31,294.7,3/3,0.0,0
363535,037_S_4001,2013-03-04,9.0,2.0,90.59000684462697,14.0,16.0,,1.524,-0.657,-0.423,-1.592,-1.503,586.1,26.41,406.8,3/3,0.0,3
371779,037_S_4015,2013-04-26,20.0,2.0,75.73442847364818,4.5,24.0,,1.577,0.907,-0.245,-0.776,-0.863,430.9,36.95,436.3,3/4,1.0,3
371922,031_S_4005,2013-04-24,16.0,1.0,72.64339493497604,4.0,29.0,,1.433,-0.189,0.724,0.46,1.279,338.9,36.63,853.5,3/4,1.0,0
235141,031_S_4024,2011-04-29,16.0,2.0,55.99452429842574,4.5,25.0,,1.742,0.148,-0.142,-0.659,0.177,616.4,67.97,934.2,3/4,1.0,3
871803,130_S_2373,2017-07-03,13.0,2.0,85.2539356605065,5.5,24.0,18.0,1.27,0.148,-0.129,-0.616,0.033,502.3,49.21,755.2,3/4,1.0,0
376878,009_S_2381,2013-06-13,16.0,1.0,71.28542094455852,4.5,28.0,,1.558,0.148,1.079,0.06,1.865,635.5,65.15,769.1,4/4,1.0,3
362703,031_S_4042,2013-02-21,18.0,1.0,59.05544147843943,3.5,26.0,,1.397,0.907,0.268,-0.495,-0.127,322.1,32.93,633.1,3/3,0.0,3
246828,014_S_4039,2011-07-15,19.0,1.0,56.120465434633815,4.5,21.0,,1.735,-2.028,-0.471,-0.719,-1.318,542.7,57.04,593.6,3/4,1.0,0
390096,072_S_4057,2013-08-29,16.0,1.0,83.49623545516769,7.0,19.0,,1.704,0.136,-1.48,-1.217,-0.843,533.0,56.96,950.8,3/4,1.0,0
247597,094_S_4089,2011-07-26,18.0,1.0,73.89733059548254,2.5,24.0,,1.563,0.907,-0.866,-1.028,-0.228,564.1,57.63,751.8,3/4,1.0,0
383995,094_S_4089,2013-07-24,18.0,1.0,75.89322381930185,6.0,18.0,,1.541,-0.189,-1.514,-1.723,-0.919,429.2,43.16,633.5,3/4,1.0,0
384746,035_S_4114,2013-07-05,14.0,2.0,57.09240246406571,1.5,27.0,,1.185,0.907,0.848,-0.713,0.826,525.1,47.82,916.1,3/4,1.0,3
381296,057_S_2398,2013-07-09,13.0,1.0,73.60438056125942,8.0,24.0,,1.181,-1.802,-0.91,-0.278,-0.805,150.7,11.47,367.2,4/4,1.0,2
1075458,031_S_4149,2018-11-16,14.0,1.0,80.62696783025325,3.5,26.0,23.0,1.239,0.148,0.131,-0.526,-0.069,242.8,25.59,566.3,3/4,1.0,0
256248,006_S_4153,2011-09-09,20.0,1.0,79.43874058863791,3.0,22.0,,1.286,-0.198,0.486,-0.984,-0.503,405.9,42.01,519.2,3/4,1.0,0
391861,006_S_4153,2013-09-19,20.0,1.0,81.46748802190281,2.5,19.0,,1.552,0.148,-0.288,-1.187,-0.622,424.0,43.51,448.2,3/4,1.0,0
257224,003_S_4136,2011-08-23,20.0,1.0,66.80629705681041,5.0,24.0,,1.571,-0.461,-0.371,-0.289,-1.254,,,,3/4,1.0,2
390080,003_S_4136,2013-08-30,20.0,1.0,68.8268309377139,10.0,17.0,,1.458,-1.802,-1.22,-2.193,-1.773,,,,3/4,1.0,2
259152,003_S_4152,2011-09-27,18.0,1.0,60.903490759753595,6.0,20.0,,1.458,-1.335,-1.334,-1.535,-1.797,457.5,43.73,585.9,3/3,0.0,2
393758,094_S_4162,2013-09-27,16.0,2.0,73.48939082819986,3.5,22.0,,1.527,0.136,0.215,-0.902,0.049,372.6,39.25,647.1,4/4,1.0,3
390104,116_S_4167,2013-08-28,16.0,2.0,71.65503080082135,5.0,21.0,,1.405,-0.633,-0.325,-1.066,-1.26,281.7,27.42,519.3,3/4,1.0,0
415352,002_S_4171,2013-10-29,16.0,1.0,71.66324435318275,5.0,22.0,,1.626,0.907,-0.792,-1.068,-1.077,529.5,55.0,765.6,3/3,0.0,0
1017128,116_S_4175,2018-06-22,20.0,1.0,82.3874058863792,1.0,30.0,21.0,1.316,-0.849,0.104,0.323,-0.401,304.3,29.2,857.7,3/4,1.0,0
268113,006_S_4192,2011-11-14,12.0,1.0,82.53798767967146,3.0,19.0,,1.558,0.907,0.703,-0.713,0.112,224.6,21.54,564.5,3/4,1.0,0
394156,006_S_4192,2013-10-09,12.0,1.0,84.44079397672827,5.0,17.0,,1.454,0.148,-0.605,-1.45,-0.66,275.4,26.03,668.9,3/4,1.0,3
257156,116_S_4195,2011-09-19,16.0,1.0,62.38466803559206,5.0,21.0,,1.433,-0.633,-0.512,-1.003,-1.434,533.3,55.81,433.9,4/4,1.0,0
396252,116_S_4195,2013-10-22,16.0,1.0,64.47638603696099,7.0,15.0,,1.454,-1.602,-1.016,-1.449,-1.999,533.3,55.81,433.9,4/4,1.0,2
905701,127_S_4197,2017-09-18,20.0,1.0,85.46475017111567,6.0,29.0,22.0,1.519,0.907,0.535,-0.524,0.155,217.8,19.31,744.0,3/4,1.0,3
400399,136_S_4189,2013-11-08,15.0,2.0,75.35660506502396,7.0,24.0,,1.261,0.148,-1.055,-0.774,-0.02,474.6,31.65,695.1,3/4,1.0,0
262004,098_S_4201,2011-10-14,15.0,2.0,64.20260095824777,6.0,24.0,,1.358,0.136,0.187,-0.744,0.572,594.0,59.94,749.4,4/4,1.0,0
258863,116_S_4209,2011-09-23,19.0,2.0,77.80971937029432,4.0,23.0,,1.596,0.907,-0.127,-0.951,0.056,409.8,45.45,653.3,3/3,0.0,3
260659,137_S_4211,2011-10-04,15.0,2.0,81.00752908966462,5.0,22.0,,1.444,-0.996,-0.411,-0.384,-1.035,211.6,20.36,456.0,3/3,0.0,0
397738,137_S_4211,2013-10-23,15.0,2.0,83.06091718001369,4.0,16.0,,1.282,-1.199,-0.94,-0.652,-1.745,215.2,19.9,465.7,3/3,0.0,0
262311,098_S_4215,2011-10-21,20.0,1.0,81.80150581793292,4.5,26.0,,1.774,0.907,0.569,-0.359,0.95,257.9,27.32,576.4,3/4,1.0,0
396467,098_S_4215,2013-10-28,20.0,1.0,83.82203969883642,7.0,21.0,,1.635,0.907,0.26,-0.363,0.298,273.9,28.67,548.8,3/4,1.0,0
901992,130_S_2403,2017-08-15,15.0,2.0,85.12251882272416,11.0,22.0,10.0,1.732,0.907,-0.618,-0.911,-1.261,255.7,23.44,508.7,3/3,0.0,3
1080615,002_S_4225,2018-11-16,20.0,1.0,77.12525667351129,3.5,21.0,19.0,1.693,0.907,0.245,-0.902,-0.291,436.2,48.51,717.9,3/4,1.0,2
259156,024_S_4223,2011-09-26,16.0,1.0,75.90143737166325,4.5,23.0,,1.123,0.001,-1.037,-1.196,-1.897,286.5,23.49,834.6,3/3,0.0,0
393054,127_S_4240,2013-09-26,20.0,1.0,72.90075290896647,5.5,25.0,,1.432,-0.849,-0.79,-1.194,-0.572,270.9,27.73,337.5,4/4,1.0,3
264745,019_S_4252,2011-10-19,16.0,2.0,86.63381245722108,5.0,22.0,,1.488,0.148,-0.091,-0.804,-0.784,303.7,32.08,556.4,3/4,1.0,0
396591,019_S_4252,2013-10-22,16.0,2.0,88.64339493497604,7.0,15.0,,1.485,0.148,-0.771,-1.21,-1.087,303.7,32.08,556.4,3/4,1.0,0
262036,137_S_4258,2011-10-17,14.0,1.0,75.95893223819301,2.5,24.0,,1.278,0.907,-0.22,-0.669,-0.316,322.5,34.52,641.6,3/4,1.0,2
397742,137_S_4258,2013-10-18,14.0,1.0,77.96303901437372,2.5,24.0,,1.471,-0.507,0.112,-0.847,-0.113,322.5,34.52,641.6,3/4,1.0,0
396673,130_S_4250,2013-10-22,20.0,1.0,80.64339493497604,6.0,21.0,,1.255,0.907,-0.445,-1.216,-0.675,364.9,38.18,584.6,3/4,1.0,3
403539,014_S_4263,2013-11-15,20.0,1.0,76.54209445585215,5.5,25.0,,1.873,-0.461,0.268,-0.496,0.418,422.9,41.42,613.3,3/4,1.0,2
269504,094_S_4282,2011-11-28,12.0,1.0,89.74401095140315,3.5,23.0,,1.33,0.148,-1.171,-0.762,-0.598,313.8,31.76,543.1,3/4,1.0,2
312941,029_S_4307,2012-06-19,16.0,1.0,79.21697467488022,4.5,21.0,,1.368,-0.701,-0.804,-1.137,-0.375,,,,3/4,1.0,0
930571,130_S_4294,2017-11-09,16.0,2.0,81.35797399041752,5.5,23.0,13.0,1.407,-0.929,-0.224,-0.821,-0.801,273.0,25.73,419.1,3/4,1.0,0
282615,016_S_4353,2012-01-31,16.0,2.0,55.917864476386036,4.5,26.0,,1.791,-1.003,0.374,-0.331,-1.166,214.1,22.74,448.6,3/4,1.0,2
401348,135_S_4406,2013-12-06,19.0,1.0,80.92813141683779,4.5,28.0,,1.472,0.907,0.374,-0.144,0.76,268.8,25.55,810.6,3/3,0.0,3
280192,003_S_4373,2012-01-19,16.0,2.0,71.29911019849418,5.0,20.0,,1.56,-1.467,-1.565,-1.653,-2.073,,,,3/4,1.0,0
950408,114_S_4404,2017-12-27,12.0,2.0,88.65708418891171,5.0,20.0,17.0,1.624,0.907,0.21,-1.029,-0.443,241.3,22.83,629.8,3/3,0.0,3
413779,036_S_4430,2014-02-05,15.0,1.0,82.18206707734429,3.5,18.0,,1.308,0.148,-0.476,-1.373,-0.639,576.2,55.26,630.9,3/3,0.0,0
411270,130_S_4415,2014-01-22,13.0,2.0,77.30869267624914,6.0,26.0,,1.847,0.907,-0.404,-0.283,0.47,805.7,90.01,351.6,4/4,1.0,3
920573,130_S_4415,2017-10-17,13.0,2.0,81.04312114989733,8.0,25.0,18.0,2.102,-0.198,0.27,-0.589,-0.18,1018.0,,406.5,4/4,1.0,3
414000,126_S_4458,2014-02-11,16.0,2.0,78.19849418206708,6.5,25.0,,1.393,-0.363,-0.273,-0.781,-0.684,457.3,51.53,651.3,3/4,1.0,0
282939,019_S_4477,2012-01-31,14.0,2.0,82.24777549623545,4.5,21.0,,1.369,-0.363,-0.005,-1.201,-0.875,371.2,33.6,651.4,3/4,1.0,0
415364,019_S_4477,2014-02-17,14.0,2.0,84.29568788501027,5.0,18.0,,1.699,-0.363,-0.366,-1.43,-1.281,371.2,33.6,651.4,3/4,1.0,0
287413,126_S_4494,2012-02-28,12.0,1.0,71.24161533196441,5.5,25.0,,1.297,0.148,0.272,-0.656,-0.216,440.0,46.73,308.5,4/4,1.0,0
417531,126_S_4494,2014-03-06,12.0,1.0,73.25941136208077,8.0,21.0,,1.478,-0.597,-1.014,-1.238,0.147,510.2,50.2,300.8,4/4,1.0,0
1037775,126_S_4507,2018-08-14,16.0,1.0,84.70088980150582,8.0,22.0,24.0,1.678,0.148,-0.479,-1.263,-0.009,377.6,38.05,568.9,3/4,1.0,0
416497,006_S_4515,2014-03-10,19.0,1.0,76.77207392197126,9.0,15.0,,1.594,0.136,-1.343,-1.312,-1.167,402.9,33.49,529.9,3/4,1.0,0
286582,127_S_4500,2012-02-24,13.0,2.0,90.39835728952772,6.0,22.0,,1.605,-0.227,-0.41,-0.977,-1.052,353.7,37.41,510.7,3/3,0.0,3
417020,127_S_4500,2014-03-13,13.0,2.0,92.44626967830253,12.0,15.0,,1.67,-0.849,-1.335,-1.381,-1.805,428.8,38.63,449.9,3/3,0.0,3
423295,023_S_4502,2014-04-14,20.0,2.0,60.70088980150582,7.0,18.0,,1.587,-0.198,-0.489,-1.249,-1.358,598.1,58.57,742.7,4/4,1.0,3
290073,123_S_4526,2012-02-14,16.0,1.0,79.53730321697468,2.5,22.0,,1.55,-0.553,0.136,-0.719,-0.771,466.6,49.71,366.0,4/4,1.0,0
416582,123_S_4526,2014-03-10,16.0,1.0,81.60438056125942,4.0,19.0,,1.497,-0.605,-0.995,-1.434,-1.059,451.7,46.29,319.5,4/4,1.0,2
900764,011_S_4547,2017-08-28,18.0,1.0,82.90759753593429,4.0,24.0,17.0,1.276,0.907,0.094,-0.499,0.12,241.4,23.48,458.9,3/3,0.0,0
300098,006_S_4546,2012-04-19,20.0,1.0,71.21149897330595,3.0,25.0,,1.702,0.907,0.612,-0.619,-0.481,266.2,24.81,523.9,3/4,1.0,2
428936,130_S_4542,2014-03-26,16.0,2.0,81.39630390143738,7.0,20.0,,1.351,-0.198,-0.125,-1.401,0.343,409.9,36.34,256.2,4/4,1.0,3
291628,007_S_4568,2012-03-19,16.0,2.0,70.79808350444901,3.0,23.0,,1.414,0.907,1.012,-0.773,0.207,536.3,54.7,590.9,3/4,1.0,0
418822,007_S_4568,2014-03-27,16.0,2.0,72.8186173853525,4.0,19.0,,1.51,0.148,0.107,-1.238,0.647,621.1,60.87,652.7,3/4,1.0,0
421683,035_S_4414,2014-04-07,18.0,2.0,62.93497604380561,4.5,25.0,,1.376,-0.189,-0.698,-0.589,0.455,495.9,47.34,811.5,3/4,1.0,3
923752,035_S_4414,2017-10-18,18.0,2.0,66.46680355920603,10.0,13.0,,1.484,-1.286,-2.204,-2.14,-1.509,513.6,40.39,641.1,3/4,1.0,3
419819,016_S_4584,2014-04-07,16.0,2.0,80.42984257357973,2.0,26.0,,1.367,-0.778,0.348,-0.52,-0.667,359.0,32.75,806.0,3/4,1.0,3
298502,130_S_4589,2012-04-10,14.0,2.0,75.27173169062286,4.5,26.0,,1.242,-0.72,-0.175,-0.444,-0.757,268.1,24.39,805.3,4/4,1.0,0
296597,016_S_4591,2012-04-06,13.0,2.0,66.01505817932923,4.0,23.0,,1.685,-0.633,-0.55,-0.6,-0.494,305.3,28.67,651.0,3/4,1.0,3
421667,016_S_4591,2014-04-23,13.0,2.0,68.06023271731691,8.0,21.0,,1.588,-0.363,-1.221,-1.432,-1.542,305.3,28.67,651.0,3/4,1.0,3
424821,023_S_4501,2014-05-08,18.0,1.0,81.1854893908282,5.0,22.0,,1.314,0.907,-0.715,-1.196,0.15,331.4,31.24,567.7,3/4,1.0,3
306217,023_S_4501,2012-05-17,18.0,1.0,79.21149897330595,4.0,22.0,,1.344,0.907,-0.281,-0.968,-0.284,331.5,31.57,741.5,3/4,1.0,3
420638,137_S_4596,2014-04-08,20.0,1.0,67.85215605749487,2.5,27.0,,1.537,0.907,0.027,-0.551,0.534,267.5,26.01,477.8,3/3,0.0,3
312937,016_S_4583,2012-06-05,9.0,1.0,86.75975359342915,6.0,23.0,,1.509,-0.688,-1.124,-1.103,-0.078,478.9,48.95,842.8,3/3,0.0,0
301226,014_S_4615,2012-04-30,17.0,1.0,86.6611909650924,7.0,26.0,,1.297,-0.198,-0.572,-0.615,-0.998,303.5,30.62,864.5,3/3,0.0,0
301234,130_S_4641,2012-04-20,20.0,2.0,73.71937029431896,2.5,26.0,,1.558,0.907,0.384,-0.183,0.453,228.3,21.43,660.7,4/4,1.0,0
306330,116_S_4625,2012-04-20,16.0,1.0,63.885010266940455,3.5,22.0,,1.685,0.148,0.637,-1.178,-0.253,342.4,36.69,366.3,4/4,1.0,3
422981,116_S_4625,2014-04-25,16.0,1.0,65.89733059548254,8.0,20.0,,1.685,0.148,-0.248,-1.412,-0.05,332.1,33.76,339.7,4/4,1.0,0
423420,013_S_4595,2014-04-29,16.0,1.0,78.74332648870636,8.0,20.0,,1.673,0.148,-1.248,-0.899,-1.608,621.8,66.47,781.2,3/3,0.0,2
972079,137_S_4631,2018-01-12,20.0,1.0,75.2826830937714,6.0,27.0,21.0,1.627,-0.363,0.778,0.357,0.733,341.0,39.2,521.6,3/3,0.0,0
304090,130_S_4660,2012-05-11,16.0,2.0,77.35797399041752,3.5,24.0,,1.607,0.907,-0.399,-0.871,-0.05,587.4,62.39,767.6,3/4,1.0,3
437161,130_S_4660,2014-05-07,16.0,2.0,79.34565366187543,3.5,21.0,,1.651,0.907,-0.608,-1.132,-0.043,606.6,63.4,760.0,3/4,1.0,3
305082,135_S_4657,2012-05-08,12.0,2.0,71.68240930869267,10.0,21.0,,1.413,-0.363,-0.897,-0.938,-0.937,648.4,59.14,883.8,3/4,1.0,3
424001,135_S_4657,2014-04-29,12.0,2.0,73.65639972621491,14.0,11.0,,1.543,-2.028,-1.847,-2.127,-2.253,648.4,59.14,883.8,3/4,1.0,3
423888,126_S_4675,2014-05-02,12.0,1.0,81.91649555099247,5.0,21.0,,1.695,-0.849,-0.069,-0.54,-0.41,514.2,52.77,733.7,3/4,1.0,0
421513,019_S_4680,2014-04-21,19.0,2.0,65.46748802190281,7.0,27.0,,1.461,-0.778,-0.228,-0.709,-0.537,246.2,24.13,487.9,4/4,1.0,0
303342,137_S_4672,2012-04-30,12.0,1.0,66.91307323750856,2.5,21.0,,1.588,-1.101,-0.456,-0.616,-1.344,337.5,33.17,447.8,4/4,1.0,3
425244,137_S_4672,2014-04-16,12.0,1.0,68.87337440109513,3.0,16.0,,1.784,-1.802,-0.594,-0.839,-1.359,367.2,36.27,497.0,4/4,1.0,3
303006,019_S_4549,2012-05-08,16.0,1.0,79.10198494182067,2.0,21.0,,1.266,-0.198,-0.086,-0.906,-0.564,315.3,32.02,531.8,2/3,0.0,2
304715,126_S_4686,2012-05-09,12.0,1.0,71.77002053388091,3.5,25.0,,1.355,0.001,0.374,-0.174,0.288,383.8,36.78,769.7,3/4,1.0,3
308130,070_S_4692,2012-05-22,18.0,1.0,83.30184804928132,7.0,23.0,,1.388,0.136,-0.155,-0.805,0.028,284.8,28.34,313.2,4/4,1.0,2
329608,018_S_4696,2012-08-21,16.0,2.0,73.39082819986311,9.0,16.0,,1.831,0.148,-1.697,-2.089,-1.186,479.7,46.11,541.8,3/4,1.0,0
424189,018_S_4696,2014-05-05,16.0,2.0,75.09377138945928,14.0,9.0,,1.943,-1.544,-2.059,-2.42,-2.421,479.7,46.11,541.8,3/4,1.0,2
308605,005_S_4707,2012-06-05,14.0,1.0,68.09582477754962,4.5,21.0,,1.151,0.148,-0.797,-0.761,-0.262,183.6,17.93,451.7,3/4,1.0,3
312575,070_S_4719,2012-06-20,16.0,2.0,79.21971252566735,6.0,22.0,,1.454,-0.363,-1.531,-1.472,-0.914,312.1,29.72,649.3,3/4,1.0,3
1082525,031_S_4721,2018-12-03,15.0,1.0,92.00547570157427,3.0,29.0,24.0,1.344,0.148,0.27,-0.06,0.53,157.3,15.52,746.4,3/3,0.0,2
310736,021_S_4718,2012-05-29,12.0,1.0,78.65845311430527,6.0,20.0,,1.638,-0.72,-0.379,-1.213,-0.746,329.9,29.81,411.7,3/4,1.0,0
312055,130_S_4730,2012-06-01,12.0,2.0,81.1690622861054,5.0,21.0,,1.405,-0.198,-0.351,-0.711,-0.68,280.0,24.06,588.2,3/4,1.0,2
313009,067_S_4728,2012-06-20,16.0,1.0,81.97125256673512,5.0,22.0,,1.62,-1.467,-0.764,-1.274,-1.333,328.2,31.27,507.0,3/4,1.0,0
316173,094_S_4737,2012-07-05,12.0,2.0,74.507871321013,4.5,23.0,,1.139,0.907,-0.22,-0.782,-0.21,294.6,26.5,611.8,3/4,1.0,0
316554,137_S_4756,2012-06-18,16.0,1.0,84.37782340862422,1.5,24.0,,1.522,0.375,-0.701,-0.482,-0.247,266.8,27.12,675.3,3/4,1.0,0
871795,127_S_4765,2017-07-05,16.0,1.0,81.09240246406571,5.0,16.0,,1.372,-1.286,-0.424,-1.414,-1.962,486.6,46.39,632.7,3/4,1.0,3
317159,128_S_4772,2012-07-17,16.0,2.0,78.87474332648871,3.5,20.0,,1.119,0.148,-0.001,-0.507,-0.19,,,,3/3,0.0,3
321789,128_S_4774,2012-08-01,17.0,1.0,86.00136892539356,3.0,22.0,,1.247,0.148,-0.373,-0.899,0.224,714.8,71.75,877.3,3/3,0.0,0
319766,037_S_4770,2012-07-20,17.0,1.0,76.05201916495551,4.5,19.0,,1.221,-0.363,-0.825,-1.213,-1.21,240.0,24.93,503.1,3/4,1.0,3
338993,035_S_4783,2012-09-07,20.0,1.0,83.43600273785079,4.5,24.0,,1.521,0.907,0.16,-0.542,-0.375,221.7,22.07,596.3,3/4,1.0,3
320112,027_S_4801,2012-07-19,16.0,1.0,77.88090349075975,3.5,22.0,,1.548,0.136,-1.013,-1.043,-0.071,268.7,26.96,375.7,4/4,1.0,0
323923,036_S_4820,2012-08-13,14.0,2.0,85.782340862423,5.0,20.0,,1.452,-1.116,-0.746,-0.724,-1.575,658.9,64.84,384.4,2/2,0.0,3
319750,011_S_4827,2012-07-19,18.0,1.0,71.13210130047912,2.5,26.0,,1.365,0.907,0.534,-0.562,0.111,,,,2/4,1.0,3
906469,011_S_4827,2017-08-25,18.0,1.0,76.23271731690623,4.5,26.0,20.0,1.497,0.907,0.312,-0.878,0.045,,,,2/4,1.0,2
317143,011_S_4845,2012-07-17,20.0,2.0,68.04380561259411,4.5,22.0,,1.333,-0.198,-0.46,-1.225,-1.418,390.6,38.18,652.1,3/4,1.0,0
324447,027_S_4802,2012-07-30,19.0,1.0,83.32922655715264,4.5,26.0,,1.636,0.907,-0.479,-0.719,0.026,403.4,39.39,687.3,3/4,1.0,0
326559,073_S_4853,2012-08-21,16.0,2.0,71.05544147843942,3.0,26.0,,1.385,0.907,0.772,-0.137,0.002,741.6,83.3,691.9,3/4,1.0,0
329598,006_S_4867,2012-08-30,12.0,1.0,74.5763175906913,6.0,23.0,,1.507,-0.198,0.36,-1.039,-0.465,365.8,37.72,624.1,4/4,1.0,3
330785,135_S_4863,2012-08-28,18.0,1.0,70.16016427104722,6.0,26.0,,1.397,0.148,0.596,-0.389,0.711,367.2,32.73,449.4,4/4,1.0,3
931415,011_S_4893,2017-11-08,12.0,2.0,73.43737166324435,7.0,23.0,20.0,1.425,0.148,0.122,-0.97,0.427,452.0,44.97,816.6,3/4,1.0,3
335906,068_S_4859,2012-09-14,20.0,1.0,72.37234770704997,4.5,24.0,,1.859,0.148,0.484,-0.401,0.147,247.4,25.23,514.6,3/4,1.0,2
334294,036_S_4894,2012-09-04,14.0,2.0,60.84325804243669,2.5,22.0,,1.731,0.907,0.001,-1.143,-0.231,463.6,47.59,423.6,3/4,1.0,3
338523,016_S_4887,2012-10-01,12.0,1.0,74.00136892539356,4.5,26.0,,1.642,0.148,-0.054,-0.782,-0.897,216.5,21.33,818.3,3/4,1.0,3
334485,003_S_4892,2012-09-11,11.0,2.0,75.27994524298425,5.0,24.0,,1.405,0.148,-0.69,-0.35,-0.904,,,,3/4,1.0,0
334278,011_S_4906,2012-09-06,18.0,2.0,75.8466803559206,5.0,24.0,,1.681,-0.363,0.009,-0.763,0.116,416.8,37.37,761.3,3/3,0.0,3
332379,024_S_4905,2012-09-07,12.0,2.0,72.85147159479808,7.0,26.0,,1.717,0.148,-0.111,-0.521,0.806,430.1,46.04,568.8,3/4,1.0,0
347770,005_S_4910,2012-10-19,15.0,2.0,81.63723477070499,7.0,25.0,,1.507,0.148,-1.088,-0.96,-0.956,320.4,29.25,749.9,3/3,0.0,3
336282,007_S_4911,2012-09-10,20.0,1.0,74.60643394934976,4.5,21.0,,1.411,-1.544,-0.449,-0.527,-1.15,168.3,17.17,330.9,3/3,0.0,2
1049550,016_S_4902,2018-09-04,15.0,2.0,81.42642026009582,10.0,15.0,10.0,1.294,0.375,-0.974,-2.066,-0.963,333.4,29.74,818.6,3/4,1.0,3
336290,011_S_4912,2012-09-14,18.0,2.0,69.28952772073922,3.5,21.0,,1.567,0.907,-1.261,-1.085,0.556,,,,4/4,1.0,0
337234,037_S_4879,2012-09-26,13.0,2.0,79.73442847364818,7.0,26.0,,1.409,-0.461,-0.2,-0.682,-0.907,379.1,37.91,532.9,4/4,1.0,0
901105,127_S_4928,2017-08-28,16.0,1.0,82.8227241615332,6.5,22.0,17.0,1.612,-0.553,0.151,-0.736,-0.089,289.6,28.79,690.7,3/4,1.0,3
341010,127_S_4940,2012-10-05,16.0,1.0,89.347022587269,2.5,24.0,,1.714,0.907,-0.181,-1.123,0.054,301.4,30.36,652.0,3/3,0.0,3
340490,011_S_4949,2012-10-10,18.0,2.0,78.19301848049281,4.0,25.0,,1.343,0.907,-0.271,-0.5,0.544,382.6,36.03,506.1,4/4,1.0,3
982395,011_S_4949,2018-02-19,18.0,2.0,83.55373032169747,9.0,21.0,18.0,1.343,-0.198,-0.031,-0.927,0.297,382.6,36.03,506.1,4/4,1.0,3
342841,135_S_4954,2012-10-23,18.0,1.0,61.31416837782341,4.0,25.0,,1.263,0.907,1.563,-0.165,0.368,234.6,24.52,816.4,4/4,1.0,0
350585,130_S_4971,2012-11-27,18.0,1.0,76.65708418891171,5.0,21.0,,1.583,-0.461,-0.294,-1.362,-0.295,286.7,28.66,471.3,3/4,1.0,2
345479,027_S_4964,2012-10-22,16.0,1.0,81.05954825462013,6.0,23.0,,1.874,0.148,-0.124,-0.922,-0.377,391.2,39.35,549.7,3/3,0.0,0
344217,027_S_4962,2012-10-18,18.0,2.0,80.21355236139631,3.5,22.0,,1.448,0.148,-0.131,-0.646,-0.248,472.0,47.15,998.2,4/4,1.0,0
351303,051_S_4980,2012-11-28,15.0,1.0,87.49349760438056,4.0,23.0,,1.262,0.907,-0.675,-0.541,-1.521,173.0,16.06,449.8,3/4,1.0,2
915798,041_S_4974,2017-10-05,19.0,1.0,78.51334702258727,8.0,18.0,14.0,1.403,-0.929,-0.149,-1.517,-1.166,788.3,92.67,710.1,3/3,0.0,3
347952,130_S_4982,2012-10-30,13.0,2.0,58.332648870636554,7.0,21.0,,1.633,-1.544,-0.785,-1.427,-1.052,489.8,40.66,692.0,4/4,1.0,3
347960,130_S_4984,2012-11-07,12.0,2.0,73.2703627652293,5.0,20.0,,1.516,-2.409,-1.189,-1.248,-1.433,371.6,38.54,750.3,3/4,1.0,0
365864,073_S_5016,2013-04-02,18.0,2.0,64.83504449007529,3.0,26.0,,1.14,-0.198,0.298,0.186,0.876,791.8,81.82,731.2,4/4,1.0,3
349197,127_S_4992,2012-11-15,16.0,2.0,63.87132101300479,7.0,22.0,,1.441,-1.642,-0.183,-1.127,-1.146,202.6,18.42,418.0,3/4,1.0,0
367698,130_S_4990,2013-01-30,14.0,2.0,75.41409993155374,5.0,24.0,,1.486,0.148,-0.702,-0.995,-0.87,418.5,42.0,593.9,3/4,1.0,3
348547,019_S_5012,2012-11-29,16.0,1.0,76.41341546885695,2.5,25.0,,1.514,-0.633,-0.004,-0.492,-0.083,311.7,33.95,458.3,4/4,1.0,0
349157,051_S_5005,2012-11-21,14.0,1.0,78.22313483915127,7.0,21.0,,1.355,0.148,-1.049,-1.125,-1.455,247.4,25.69,318.1,4/4,1.0,3
347846,033_S_5013,2012-11-19,18.0,2.0,68.46817248459959,3.0,25.0,,1.667,0.136,0.049,-0.79,0.69,238.9,22.72,454.5,3/3,0.0,3
347814,019_S_5019,2012-11-16,12.0,2.0,63.04175222450377,6.0,21.0,,1.559,-2.028,-0.018,-0.802,-1.158,363.4,36.63,587.9,4/4,1.0,3
347897,033_S_5017,2012-11-20,18.0,1.0,84.38877481177276,9.0,20.0,,1.516,-0.996,0.121,-1.315,-0.135,503.0,52.5,667.4,3/4,1.0,0
347758,002_S_5018,2012-11-14,17.0,1.0,73.45653661875428,5.0,23.0,,1.633,0.907,-0.558,-1.013,-0.242,793.4,76.16,489.4,4/4,1.0,0
349205,135_S_5015,2012-11-26,14.0,2.0,77.98767967145791,8.0,23.0,,1.681,0.148,-0.054,-1.057,-0.795,284.3,28.64,783.5,3/4,1.0,3
350083,127_S_5028,2012-12-06,16.0,1.0,62.01505817932922,3.5,23.0,,1.411,0.375,0.548,-0.48,0.607,453.4,49.99,437.6,4/4,1.0,2
349177,082_S_5029,2012-11-29,16.0,1.0,79.66324435318275,6.0,23.0,,1.62,-0.849,-0.723,-1.093,-1.515,666.2,68.07,277.5,4/4,1.0,2
356281,130_S_4997,2013-01-15,14.0,2.0,60.876112251882276,5.0,19.0,,1.546,-1.003,-0.201,-1.394,-1.499,403.9,39.4,787.8,3/3,0.0,3
355451,099_S_4994,2013-01-11,14.0,1.0,85.11430527036276,8.0,21.0,,1.222,-0.849,-1.928,-1.196,-1.639,410.4,40.64,511.8,3/4,1.0,0
354791,130_S_5006,2012-12-05,14.0,2.0,68.42984257357973,5.0,21.0,,1.635,-0.72,-0.181,-1.221,-0.587,721.2,66.53,653.9,3/4,1.0,0
357345,009_S_5027,2013-01-11,18.0,1.0,75.78097193702943,4.0,22.0,,1.468,0.907,-1.037,-1.24,-0.798,328.7,32.67,493.4,3/3,0.0,0
366934,016_S_5032,2013-04-11,11.0,2.0,77.94661190965093,5.0,23.0,,1.377,0.148,-0.325,-0.942,0.136,,,,3/3,0.0,3
358752,009_S_5037,2013-02-08,16.0,1.0,67.60848733744011,5.0,24.0,,1.205,0.148,-0.337,-1.14,0.816,288.5,25.91,700.9,3/4,1.0,2
353857,024_S_5054,2013-01-04,18.0,2.0,74.09445585215606,3.5,26.0,,1.443,-0.198,1.181,-0.398,0.01,358.9,38.22,785.8,3/4,1.0,0
355591,127_S_5056,2013-01-10,20.0,1.0,85.44558521560575,5.0,20.0,,1.598,0.907,-2.304,-1.155,-0.94,,,,3/4,1.0,0
365179,130_S_5059,2013-03-01,18.0,1.0,72.32854209445586,5.0,21.0,,1.788,-1.469,-0.695,-0.726,-1.61,295.0,30.02,453.7,3/4,1.0,2
360030,127_S_5058,2013-02-08,20.0,1.0,61.8590006844627,3.0,26.0,,1.602,-0.198,0.175,-0.189,0.175,145.9,14.76,255.5,3/3,0.0,2
364912,068_S_4968,2013-03-26,16.0,1.0,79.39767282683094,5.5,20.0,,1.456,-0.531,-0.541,-1.186,-1.243,,,,3/4,1.0,0
367686,052_S_5062,2013-03-20,14.0,2.0,71.21423682409309,2.5,26.0,,1.332,-0.227,-0.398,-0.697,0.191,739.3,74.14,542.4,3/4,1.0,3
359603,036_S_5063,2013-02-11,14.0,2.0,71.6167008898015,2.5,25.0,,1.638,0.148,-0.858,-0.966,-1.287,445.4,40.94,551.8,2/4,1.0,0
364379,013_S_5071,2013-03-12,14.0,1.0,76.19164955509925,4.5,19.0,,1.141,-1.544,0.145,-1.106,-1.165,,,,4/4,1.0,3
362188,053_S_5070,2013-02-22,15.0,1.0,71.31006160164272,4.0,26.0,,1.757,-0.198,-0.662,-0.864,-0.424,203.8,19.45,489.7,3/3,0.0,0
367866,052_S_4959,2013-03-20,20.0,1.0,77.63449691991786,5.0,25.0,,1.545,0.148,-0.002,-0.669,0.522,178.9,19.02,349.8,3/4,1.0,2
364764,033_S_5087,2013-03-26,17.0,2.0,64.7337440109514,4.5,25.0,,1.527,0.148,-0.596,-0.795,-0.532,424.6,41.32,639.1,3/3,0.0,0
383043,073_S_5090,2013-07-15,16.0,1.0,59.28815879534565,2.5,22.0,,1.476,-1.32,-0.67,-0.93,-1.056,244.2,24.97,439.6,4/4,1.0,2
363644,127_S_5095,2013-03-15,16.0,1.0,65.95482546201232,4.0,24.0,,1.478,0.907,0.374,-0.79,0.198,319.1,34.29,382.5,4/4,1.0,2
373714,036_S_5112,2013-05-13,12.0,2.0,74.52977412731006,1.5,25.0,,1.69,-0.122,-0.341,-0.549,0.059,290.6,30.42,654.9,3/4,1.0,0
369197,005_S_5119,2013-04-26,12.0,2.0,77.23203285420945,8.0,23.0,,1.474,-0.363,-0.63,-0.726,-0.775,752.7,74.52,910.3,3/3,0.0,0
374207,128_S_5123,2013-05-10,14.0,2.0,73.6892539356605,1.5,26.0,,1.426,0.148,0.447,-0.185,0.113,512.3,53.32,1300.0,3/4,1.0,3
379280,100_S_5106,2013-06-28,16.0,1.0,74.48870636550308,4.0,20.0,,1.482,-0.189,-1.137,-1.106,-1.119,436.4,45.5,845.1,3/3,0.0,3
378509,023_S_5120,2013-06-20,19.0,1.0,81.30321697467488,2.0,26.0,,1.383,0.148,-0.207,0.357,0.842,267.1,25.56,579.9,3/4,1.0,3
422643,068_S_5146,2013-06-14,18.0,2.0,73.03490759753593,2.5,25.0,,1.448,0.907,0.948,-0.597,0.538,,,,,,2
384738,003_S_5165,2013-06-13,12.0,1.0,78.9514031485284,5.5,23.0,,1.6,0.148,-0.487,-1.055,-0.02,627.9,67.4,886.2,3/3,0.0,0
384405,003_S_5187,2013-06-21,16.0,2.0,61.555099247091036,6.0,24.0,,1.43,-0.198,-0.301,-1.017,-0.214,379.0,36.15,725.1,3/4,1.0,0
375265,082_S_5184,2013-06-03,17.0,2.0,72.58590006844626,4.0,26.0,,1.772,0.907,-0.733,-1.068,-0.148,,,,4/4,1.0,0
378497,007_S_5196,2013-06-13,18.0,2.0,72.95003422313484,2.5,21.0,,1.381,0.148,0.194,-0.784,-0.053,240.0,21.94,338.9,3/4,1.0,3
379228,067_S_5205,2013-07-01,16.0,2.0,59.4113620807666,6.0,20.0,,1.59,-2.409,-0.839,-1.049,-2.129,440.2,39.92,578.0,3/3,0.0,3
378513,036_S_5210,2013-06-20,10.0,1.0,85.88637919233402,3.5,20.0,,1.275,-0.461,-0.348,-1.326,-0.366,380.5,34.47,675.3,3/4,1.0,0
384701,009_S_5224,2013-08-05,20.0,1.0,78.17932922655716,5.0,25.0,,1.122,-0.189,0.089,-0.709,0.777,276.1,26.56,890.7,3/3,0.0,0
384421,130_S_5231,2013-08-02,12.0,2.0,74.42299794661191,2.0,26.0,,1.615,0.148,-0.518,-0.717,-0.071,320.7,32.86,647.1,3/3,0.0,3
385835,009_S_5252,2013-08-15,14.0,1.0,56.70362765229295,8.0,25.0,,1.47,0.148,0.25,-0.432,-0.929,238.0,27.87,474.9,3/3,0.0,0
395407,016_S_5251,2013-10-18,16.0,2.0,66.46680355920603,2.5,26.0,,1.527,0.148,0.146,-0.356,-0.176,708.0,70.45,787.1,3/4,1.0,3
391310,135_S_5275,2013-09-06,12.0,2.0,78.09993155373031,3.0,24.0,,1.629,0.148,-0.49,-0.576,-0.148,490.4,53.18,832.7,3/4,1.0,3
1154664,098_S_6655,2019-04-01,14.0,1.0,81.160848733744,6.5,21.0,13.0,1.778,0.148,-1.162,-1.175,-0.773,394.0,40.35,688.9,3/3,0.0,2
898790,114_S_6039,2017-08-21,13.0,1.0,56.139630390143736,2.0,21.0,,1.706,-1.802,-0.758,-0.641,-1.805,320.3,31.27,673.7,3/3,0.0,0
902024,130_S_6072,2017-09-06,16.0,2.0,89.26488706365502,4.5,24.0,23.0,1.835,0.148,0.813,-0.975,-0.009,361.9,36.4,791.3,2/4,1.0,0
977840,116_S_6100,2018-02-23,13.0,2.0,71.6495550992471,8.0,18.0,9.0,1.833,-0.572,-0.242,-1.521,-2.263,,,,4/4,1.0,2
963007,168_S_6142,2018-02-05,15.0,2.0,86.26420260095824,4.5,20.0,17.0,1.33,0.907,-0.327,-1.432,0.25,466.1,43.03,825.7,3/3,0.0,3
1267568,305_S_6810,2019-11-26,16.0,1.0,73.23477070499658,4.5,23.0,20.0,1.535,0.907,0.131,-0.344,-0.521,299.7,30.43,562.6,3/3,0.0,3
999922,135_S_6284,2018-05-11,18.0,1.0,80.19438740588637,2.5,23.0,21.0,1.554,-0.633,-0.474,-0.333,-0.548,,,,3/4,1.0,0
995798,011_S_6303,2018-05-04,16.0,1.0,70.50513347022587,5.0,23.0,18.0,1.66,0.907,-0.434,-0.867,0.49,319.5,32.74,689.7,3/3,0.0,0
1018744,037_S_6216,2018-07-02,20.0,1.0,84.00273785078713,4.5,24.0,19.0,1.747,-1.059,0.066,-1.125,-0.138,455.8,46.79,751.6,4/4,1.0,0
1020501,135_S_6389,2018-07-02,20.0,1.0,69.83162217659138,5.0,24.0,28.0,1.34,0.907,1.51,-0.017,1.651,240.3,20.1,446.4,4/4,1.0,2
1056543,003_S_6264,2018-10-01,12.0,1.0,55.58658453114305,2.5,23.0,17.0,1.718,-0.849,-0.066,-0.785,-0.822,327.7,38.78,344.0,4/4,1.0,0
1043481,114_S_6347,2018-08-21,19.0,1.0,86.30527036276523,4.5,22.0,14.0,1.502,-0.125,-0.032,-0.874,-0.86,222.7,19.66,513.9,3/4,1.0,2
1050627,037_S_6377,2018-09-14,14.0,2.0,81.95208761122518,3.5,29.0,16.0,1.566,-0.849,-0.46,-0.626,0.429,,,,3/4,1.0,0
1045200,127_S_6433,2018-08-31,16.0,1.0,76.57768651608487,4.0,24.0,19.0,1.914,0.148,-0.336,-0.719,-0.381,438.6,48.27,647.9,4/4,1.0,3
1053331,135_S_6545,2018-09-20,14.0,2.0,61.555099247091036,8.0,20.0,12.0,1.482,-1.544,-0.737,-1.063,-1.415,382.3,35.22,386.3,3/4,1.0,0
1062868,127_S_6549,2018-10-08,20.0,1.0,66.18480492813141,3.5,22.0,13.0,1.736,-0.363,-0.053,-0.659,-1.887,406.6,44.01,429.9,4/4,1.0,3
1074115,032_S_6602,2018-11-15,16.0,1.0,63.54277891854894,5.0,22.0,10.0,1.776,-1.802,-0.693,-1.474,-1.471,272.3,26.38,495.4,4/4,1.0,1
1091379,098_S_6601,2018-12-12,18.0,1.0,73.27857631759069,2.0,23.0,17.0,1.716,-0.227,-0.209,-0.968,0.106,430.2,49.96,495.1,3/4,1.0,2
1075462,032_S_6600,2018-11-19,14.0,2.0,71.3867214236824,5.5,17.0,10.0,1.609,-1.802,-1.127,-0.928,-1.932,582.9,61.99,722.0,3/4,1.0,1
1074127,301_S_6592,2018-11-14,20.0,1.0,71.95345653661876,2.5,23.0,17.0,1.352,-0.189,0.084,-0.884,-0.292,,,,4/4,1.0,2
1231609,129_S_6784,2019-09-23,12.0,1.0,83.14305270362765,5.5,26.0,23.0,1.44,0.907,-0.15,-0.383,-0.351,,,,3/3,0.0,0
1127826,027_S_6648,2019-02-04,16.0,1.0,73.59616700889802,4.0,23.0,15.0,1.393,-1.116,0.175,-0.626,-1.401,264.9,23.24,382.1,3/4,1.0,2
1134384,023_S_6661,2019-02-20,15.0,2.0,75.13757700205339,6.5,18.0,12.0,1.768,-0.633,-1.259,-1.026,-1.056,,,,3/3,0.0,0
1143224,035_S_6660,2019-03-13,16.0,2.0,85.10882956878851,7.0,20.0,8.0,1.234,-0.794,-1.18,-1.104,-1.144,,,,3/3,0.0,3
1163995,098_S_6658,2019-05-08,17.0,2.0,75.26351813826146,2.5,27.0,20.0,1.824,0.148,-0.218,-0.474,0.388,286.6,30.26,648.2,3/4,1.0,3
1229401,022_S_6796,2019-09-18,18.0,1.0,71.79739904175223,4.0,20.0,,1.409,0.148,0.038,-0.791,-0.724,298.8,29.88,476.4,4/4,1.0,3
1144501,126_S_6683,2019-03-12,15.0,1.0,66.86105407255305,4.5,24.0,14.0,1.882,-1.802,-0.502,-0.54,-1.631,335.9,33.43,866.2,3/4,1.0,3
1152712,006_S_6689,2019-04-03,14.0,1.0,75.25256673511294,3.5,20.0,15.0,1.679,-1.467,-0.473,-0.673,-0.501,253.8,26.99,920.9,3/4,1.0,2
1146753,135_S_6687,2019-03-15,14.0,2.0,80.28473648186174,4.0,23.0,20.0,1.712,-0.363,0.778,-0.622,-0.272,,,,4/4,1.0,0
1193329,016_S_6708,2019-05-02,14.0,1.0,56.16974674880219,2.5,27.0,21.0,1.545,-0.461,0.043,-0.388,0.46,481.4,57.6,418.2,4/4,1.0,0
1160309,100_S_6713,2019-04-29,16.0,2.0,71.23887748117727,4.0,27.0,,1.543,0.907,1.51,-0.481,1.21,393.0,41.88,422.0,3/4,1.0,2
1170553,082_S_6690,2019-05-28,14.0,2.0,67.9069130732375,6.0,20.0,7.0,1.194,0.148,-1.268,-1.624,-0.952,303.3,28.58,372.3,3/4,1.0,0
1183999,027_S_6733,2019-06-25,18.0,1.0,75.73169062286105,5.0,23.0,16.0,1.333,0.907,-1.279,-1.095,-1.092,,,,3/3,0.0,3
1189722,129_S_6763,2019-07-19,14.0,2.0,82.38193018480493,4.5,25.0,19.0,1.443,0.001,-0.313,-0.73,-0.426,,,,3/3,0.0,3
1256913,341_S_6820,2019-11-08,12.0,1.0,68.43805612594113,3.5,20.0,12.0,1.563,-1.059,-0.242,-0.323,-1.382,,,,4/4,1.0,0
1308723,123_S_6825,2019-10-25,18.0,2.0,73.3990417522245,1.0,24.0,20.0,1.437,0.907,0.11,-0.679,-0.264,319.6,31.8,599.9,3/4,1.0,3
1265230,168_S_6828,2019-12-09,12.0,1.0,81.52224503764545,1.5,24.0,16.0,1.713,-0.198,0.146,-0.54,-0.311,,,,3/3,0.0,0
1267532,003_S_6833,2019-12-12,16.0,2.0,87.19507186858316,4.5,23.0,21.0,1.263,0.148,-0.372,-1.093,0.252,,,,2/4,1.0,3
1270373,135_S_6840,2019-12-17,12.0,2.0,68.71184120465435,1.0,28.0,21.0,1.84,0.148,0.813,-0.555,0.521,,,,4/4,1.0,0
